id,date,name,docs-1,docs-delta-percent-1,docs-percent-1,docs-female-1,docs-male-1,docs-questions-1,docs-complaints-1,docs-2,docs-delta-percent-2,docs-percent-2,docs-female-2,docs-male-2,docs-questions-2,docs-complaints-2,docs-3,docs-delta-percent-3,docs-percent-3,docs-female-3,docs-male-3,docs-questions-3,docs-complaints-3,docs-4,docs-delta-percent-4,docs-percent-4,docs-female-4,docs-male-4,docs-questions-4,docs-complaints-4,docs-5,docs-delta-percent-5,docs-percent-5,docs-female-5,docs-male-5,docs-questions-5,docs-complaints-5,docs-6,docs-delta-percent-6,docs-percent-6,docs-female-6,docs-male-6,docs-questions-6,docs-complaints-6,docs-7,docs-delta-percent-7,docs-percent-7,docs-female-7,docs-male-7,docs-questions-7,docs-complaints-7,docs-8,docs-delta-percent-8,docs-percent-8,docs-female-8,docs-male-8,docs-questions-8,docs-complaints-8,docs-9,docs-delta-percent-9,docs-percent-9,docs-female-9,docs-male-9,docs-questions-9,docs-complaints-9,docs-10,docs-delta-percent-10,docs-percent-10,docs-female-10,docs-male-10,docs-questions-10,docs-complaints-10,docs-11,docs-delta-percent-11,docs-percent-11,docs-female-11,docs-male-11,docs-questions-11,docs-complaints-11,docs-12,docs-delta-percent-12,docs-percent-12,docs-female-12,docs-male-12,docs-questions-12,docs-complaints-12,docs-13,docs-delta-percent-13,docs-percent-13,docs-female-13,docs-male-13,docs-questions-13,docs-complaints-13,docs-14,docs-delta-percent-14,docs-percent-14,docs-female-14,docs-male-14,docs-questions-14,docs-complaints-14,docs-15,docs-delta-percent-15,docs-percent-15,docs-female-15,docs-male-15,docs-questions-15,docs-complaints-15,docs-16,docs-delta-percent-16,docs-percent-16,docs-female-16,docs-male-16,docs-questions-16,docs-complaints-16,docs-17,docs-delta-percent-17,docs-percent-17,docs-female-17,docs-male-17,docs-questions-17,docs-complaints-17,docs-18,docs-delta-percent-18,docs-percent-18,docs-female-18,docs-male-18,docs-questions-18,docs-complaints-18
ARG,2021-12-01,Argentina,60,0,0.01,6,20,4,54,610,0,0.15,121,130,27,451,46,0,0.01,13,10,4,41,262,0,0.06,37,52,6,183,230,0,0.06,38,65,31,188,354,0,0.09,74,105,24,303,416,0,0.1,66,91,22,302,200,0,0.05,28,60,13,156,26,0,0.01,4,8,0,19,311,0,0.08,82,91,11,278,325,0,0.08,58,112,22,271,233,0,0.06,31,43,4,209,85,0,0.02,8,30,7,74,178,0,0.04,35,70,17,157,24,0,0.01,3,7,2,17,114,0,0.03,29,28,10,92,148,0,0.04,25,44,13,135,434,0,0.11,76,145,45,374
ARG,2021-12-02,Argentina,66,0.1,0.02,8,16,2,50,443,-0.27,0.11,66,109,18,321,37,-0.2,0.01,11,6,3,33,331,0.26,0.08,33,57,12,238,181,-0.21,0.05,15,63,8,148,347,-0.02,0.09,71,85,21,314,459,0.1,0.12,81,88,24,340,220,0.1,0.06,30,71,13,179,31,0.19,0.01,8,8,2,22,274,-0.12,0.07,52,103,14,240,238,-0.27,0.06,45,66,9,211,371,0.59,0.09,51,102,18,325,93,0.09,0.02,20,25,5,79,194,0.09,0.05,56,62,23,171,38,0.58,0.01,7,11,0,33,106,-0.07,0.03,19,30,6,91,113,-0.24,0.03,11,32,5,105,447,0.03,0.11,75,113,25,397
ARG,2021-12-03,Argentina,82,0.24,0.02,6,27,5,69,447,0.01,0.11,93,89,17,328,37,0,0.01,5,6,1,30,380,0.15,0.09,103,56,6,294,230,0.27,0.06,32,80,24,197,297,-0.14,0.07,61,76,21,261,480,0.05,0.12,69,117,29,364,179,-0.19,0.04,24,55,16,141,25,-0.19,0.01,2,4,0,21,309,0.13,0.08,50,114,15,276,308,0.29,0.08,46,116,15,278,334,-0.1,0.08,38,102,17,290,99,0.06,0.02,12,24,10,84,171,-0.12,0.04,32,61,18,147,31,-0.18,0.01,2,8,5,25,135,0.27,0.03,30,46,9,122,125,0.11,0.03,16,37,11,113,366,-0.18,0.09,77,105,28,303
ARG,2021-12-04,Argentina,74,-0.1,0.03,5,34,4,61,242,-0.46,0.11,53,57,13,167,37,0,0.02,7,5,2,34,179,-0.53,0.08,58,43,8,149,107,-0.53,0.05,13,31,10,78,180,-0.39,0.08,37,58,11,150,273,-0.43,0.12,42,91,20,218,117,-0.35,0.05,19,44,13,93,37,0.48,0.02,1,9,1,28,110,-0.64,0.05,20,46,8,99,139,-0.55,0.06,29,41,9,125,153,-0.54,0.07,25,44,9,129,50,-0.49,0.02,9,19,7,45,149,-0.13,0.07,29,51,13,127,23,-0.26,0.01,4,4,1,20,78,-0.42,0.03,22,11,7,70,67,-0.46,0.03,10,22,5,54,232,-0.37,0.1,42,72,15,202
BHS,2021-12-01,Bahamas,0,0,0,0,0,0,0,24,0,0.08,10,5,1,13,10,0,0.03,3,3,1,5,10,0,0.03,0,2,0,8,23,0,0.08,5,4,4,16,66,0,0.23,10,14,3,49,34,0,0.12,12,7,2,25,5,0,0.02,1,1,0,4,4,0,0.01,0,1,0,3,39,0,0.13,2,3,1,36,19,0,0.06,6,4,4,12,10,0,0.03,2,1,0,6,4,0,0.01,1,1,0,1,13,0,0.04,4,4,1,11,3,0,0.01,1,0,2,1,0,0,0,0,0,0,0,22,0,0.08,6,7,2,17,7,0,0.02,4,0,1,4
BHS,2021-12-02,Bahamas,3,100,0.01,2,0,0,3,29,0.21,0.09,8,7,2,18,16,0.6,0.05,5,1,4,8,14,0.4,0.04,3,5,1,9,25,0.09,0.07,2,5,4,14,74,0.12,0.22,15,13,12,51,29,-0.15,0.09,8,8,3,16,4,-0.2,0.01,0,1,1,2,2,-0.5,0.01,0,0,0,2,36,-0.08,0.11,3,4,2,32,16,-0.16,0.05,4,9,2,10,19,0.9,0.06,9,6,0,17,0,-1,0,0,0,0,0,33,1.54,0.1,5,7,2,28,1,-0.67,0,0,0,0,0,4,100,0.01,0,2,0,3,24,0.09,0.07,3,5,2,16,10,0.43,0.03,2,5,2,6
BHS,2021-12-03,Bahamas,1,-0.67,0,0,0,0,1,15,-0.48,0.04,4,4,1,9,9,-0.44,0.02,1,3,0,7,15,0.07,0.04,4,0,1,6,73,1.92,0.19,5,5,4,65,78,0.05,0.2,13,19,12,51,37,0.28,0.1,8,10,4,24,6,0.5,0.02,0,3,1,5,4,1,0.01,0,0,0,2,43,0.19,0.11,7,1,0,40,13,-0.19,0.03,3,4,1,11,20,0.05,0.05,1,7,3,13,0,100,0,0,0,0,0,22,-0.33,0.06,2,7,3,19,4,3,0.01,0,0,1,3,0,-1,0,0,0,0,0,34,0.42,0.09,6,3,5,24,8,-0.2,0.02,1,3,0,5
BHS,2021-12-04,Bahamas,3,2,0.01,0,2,0,3,24,0.6,0.1,9,5,2,14,5,-0.44,0.02,1,2,2,2,11,-0.27,0.04,5,2,2,7,18,-0.75,0.07,2,6,0,13,44,-0.44,0.17,12,6,9,31,15,-0.59,0.06,7,2,0,4,1,-0.83,0,1,0,0,1,2,-0.5,0.01,1,0,0,2,43,0,0.17,11,5,0,42,23,0.77,0.09,7,10,4,19,14,-0.3,0.06,7,5,0,9,4,100,0.02,0,1,0,2,17,-0.23,0.07,7,6,1,14,3,-0.25,0.01,2,1,2,3,1,100,0,0,1,0,1,17,-0.5,0.07,7,3,3,10,7,-0.12,0.03,0,7,2,5
BRB,2021-12-01,Barbados,1,0,0.01,0,1,0,1,18,0,0.11,6,4,4,9,7,0,0.04,1,3,0,4,10,0,0.06,0,5,0,6,11,0,0.07,1,2,1,9,35,0,0.21,5,12,4,27,13,0,0.08,2,3,0,9,2,0,0.01,0,0,0,1,0,0,0,0,0,0,0,9,0,0.05,2,0,0,5,11,0,0.07,3,3,0,9,20,0,0.12,3,12,2,16,0,0,0,0,0,0,0,10,0,0.06,1,1,1,4,3,0,0.02,0,1,0,3,3,0,0.02,2,0,1,1,10,0,0.06,2,4,1,8,1,0,0.01,0,0,0,0
BRB,2021-12-02,Barbados,6,5,0.04,0,0,1,4,8,-0.56,0.05,1,1,2,5,5,-0.29,0.03,1,2,0,5,8,-0.2,0.05,0,0,0,4,15,0.36,0.1,3,3,3,7,31,-0.11,0.2,4,13,5,24,15,0.15,0.1,5,6,3,5,7,2.5,0.05,4,2,1,4,0,100,0,0,0,0,0,2,-0.78,0.01,0,0,0,2,10,-0.09,0.07,2,1,1,4,13,-0.35,0.08,4,3,1,12,1,100,0.01,0,0,0,1,16,0.6,0.1,3,1,1,12,3,0,0.02,0,0,0,2,1,-0.67,0.01,1,0,0,1,8,-0.2,0.05,1,4,3,3,4,3,0.03,3,0,0,4
BRB,2021-12-03,Barbados,4,-0.33,0.02,0,0,0,2,14,0.75,0.07,3,2,1,7,11,1.2,0.05,1,5,0,6,7,-0.12,0.03,2,0,0,4,18,0.2,0.09,1,6,3,14,34,0.1,0.17,9,9,5,22,17,0.13,0.08,6,6,5,11,4,-0.43,0.02,2,1,2,2,2,100,0.01,0,0,1,2,10,4,0.05,4,1,0,9,28,1.8,0.14,9,8,2,19,23,0.77,0.11,10,5,3,14,1,0,0,1,0,1,0,12,-0.25,0.06,1,2,1,8,6,1,0.03,1,3,5,2,1,0,0,0,0,0,1,7,-0.12,0.03,1,1,0,5,5,0.25,0.02,2,2,0,3
BRB,2021-12-04,Barbados,1,-0.75,0.01,0,0,0,1,15,0.07,0.09,8,1,2,7,2,-0.82,0.01,0,0,0,2,2,-0.71,0.01,0,1,0,1,8,-0.56,0.05,0,3,0,6,29,-0.15,0.17,1,4,3,21,23,0.35,0.14,9,6,4,11,4,0,0.02,0,3,1,3,5,1.5,0.03,2,1,1,3,11,0.1,0.07,2,1,5,10,10,-0.64,0.06,2,3,1,9,17,-0.26,0.1,5,7,1,13,2,1,0.01,0,2,0,0,15,0.25,0.09,3,1,0,12,3,-0.5,0.02,1,2,1,2,2,1,0.01,2,0,1,1,13,0.86,0.08,3,3,0,12,4,-0.2,0.02,0,3,0,3
BLZ,2021-12-01,Belice,0,0,0,0,0,0,0,16,0,0.03,1,4,0,15,1,0,0,0,0,0,1,24,0,0.04,0,0,0,24,4,0,0.01,2,0,0,4,60,0,0.1,5,1,0,53,6,0,0.01,0,3,0,2,1,0,0,0,1,0,1,0,0,0,0,0,0,0,63,0,0.11,5,2,2,32,3,0,0.01,0,1,0,3,12,0,0.02,6,3,1,6,1,0,0,1,0,0,0,6,0,0.01,0,1,0,4,0,0,0,0,0,0,0,2,0,0,1,1,0,1,47,0,0.08,3,1,2,25,335,0,0.58,10,0,0,228
BLZ,2021-12-02,Belice,1,100,0,0,0,0,1,13,-0.19,0.02,0,1,1,11,3,2,0.01,0,0,1,1,26,0.08,0.05,1,0,0,26,2,-0.5,0,0,2,0,1,52,-0.13,0.1,5,4,1,46,2,-0.67,0,2,0,0,1,0,-1,0,0,0,0,0,2,100,0,0,0,0,1,51,-0.19,0.1,2,2,0,24,3,0,0.01,0,1,0,2,11,-0.08,0.02,2,2,1,8,3,2,0.01,0,1,0,1,2,-0.67,0,0,0,1,1,0,100,0,0,0,0,0,1,-0.5,0,0,1,0,1,38,-0.19,0.07,1,1,0,22,318,-0.05,0.6,11,1,0,219
BLZ,2021-12-03,Belice,1,0,0,0,0,0,1,11,-0.15,0.02,1,0,1,10,0,-1,0,0,0,0,0,20,-0.23,0.04,0,0,0,19,0,-1,0,0,0,0,0,67,0.29,0.12,7,2,1,59,5,1.5,0.01,0,2,1,2,2,100,0,1,0,0,1,1,-0.5,0,0,0,0,1,74,0.45,0.13,6,2,0,33,4,0.33,0.01,0,3,0,2,19,0.73,0.03,12,3,1,11,1,-0.67,0,0,0,0,1,6,2,0.01,0,3,0,5,1,100,0,0,1,1,1,1,0,0,1,0,0,1,28,-0.26,0.05,1,2,0,18,315,-0.01,0.57,15,2,1,219
BLZ,2021-12-04,Belice,0,-1,0,0,0,0,0,12,0.09,0.02,2,0,0,10,1,100,0,0,0,0,0,22,0.1,0.04,0,0,0,22,5,100,0.01,1,2,0,2,54,-0.19,0.1,7,0,0,51,7,0.4,0.01,2,4,1,5,1,-0.5,0,0,1,0,1,6,5,0.01,4,0,0,5,47,-0.36,0.09,6,3,0,24,4,0,0.01,1,1,2,2,12,-0.37,0.02,6,1,0,6,1,0,0,1,0,0,1,1,-0.83,0,0,0,0,0,0,-1,0,0,0,0,0,0,-1,0,0,0,0,0,47,0.68,0.09,5,3,1,30,329,0.04,0.6,12,2,2,238
BOL,2021-12-01,Bolivia,46,0,0.03,1,6,1,43,92,0,0.06,4,23,3,70,13,0,0.01,2,0,2,9,26,0,0.02,1,3,0,19,27,0,0.02,0,12,2,24,292,0,0.19,20,37,6,258,142,0,0.09,14,34,23,106,44,0,0.03,1,10,2,42,3,0,0,0,1,0,2,69,0,0.04,3,6,1,64,250,0,0.16,10,15,4,239,49,0,0.03,3,2,0,46,36,0,0.02,6,4,2,31,37,0,0.02,3,15,5,34,26,0,0.02,0,5,0,20,28,0,0.02,2,3,2,24,33,0,0.02,1,6,2,31,355,0,0.23,42,58,19,323
BOL,2021-12-02,Bolivia,47,0.02,0.03,5,5,1,39,88,-0.04,0.06,4,20,1,65,24,0.85,0.02,1,4,3,18,26,0,0.02,1,3,0,16,35,0.3,0.03,6,7,2,32,275,-0.06,0.2,6,35,7,238,126,-0.11,0.09,14,34,11,99,31,-0.3,0.02,1,7,1,28,2,-0.33,0,0,1,0,2,71,0.03,0.05,3,12,1,62,157,-0.37,0.11,6,20,9,144,46,-0.06,0.03,1,3,1,43,29,-0.19,0.02,5,4,1,27,48,0.3,0.04,3,12,4,42,42,0.62,0.03,0,6,1,38,23,-0.18,0.02,5,5,1,22,41,0.24,0.03,8,5,3,39,256,-0.28,0.19,24,63,11,226
BOL,2021-12-03,Bolivia,39,-0.17,0.03,1,2,0,35,82,-0.07,0.06,1,10,1,71,98,3.08,0.07,13,18,1,76,24,-0.08,0.02,0,2,0,15,33,-0.06,0.02,1,3,3,26,301,0.09,0.22,21,42,4,261,121,-0.04,0.09,16,36,11,87,55,0.77,0.04,4,5,4,39,11,4.5,0.01,0,0,0,9,35,-0.51,0.03,2,11,1,30,105,-0.33,0.08,7,13,0,93,67,0.46,0.05,0,5,1,58,23,-0.21,0.02,3,1,3,17,24,-0.5,0.02,5,5,2,20,40,-0.05,0.03,6,3,0,37,50,1.17,0.04,6,0,1,48,36,-0.12,0.03,6,5,2,32,253,-0.01,0.18,26,48,18,230
BOL,2021-12-04,Bolivia,16,-0.59,0.02,0,4,0,13,45,-0.45,0.05,6,9,1,36,25,-0.74,0.03,0,2,1,21,24,0,0.03,4,2,1,20,29,-0.12,0.03,0,10,3,22,164,-0.46,0.2,13,16,4,140,63,-0.48,0.08,13,22,5,50,41,-0.25,0.05,3,10,1,39,5,-0.55,0.01,0,2,0,5,33,-0.06,0.04,4,8,4,26,61,-0.42,0.07,8,8,5,50,32,-0.52,0.04,2,1,0,30,19,-0.17,0.02,2,2,0,17,29,0.21,0.03,6,7,5,23,10,-0.75,0.01,1,2,1,9,24,-0.52,0.03,7,3,1,23,35,-0.03,0.04,5,8,1,31,177,-0.3,0.21,25,33,18,163
BRA,2021-12-01,Brasil,63,0,0.01,11,28,1,61,472,0,0.04,166,157,11,432,90,0,0.01,15,23,2,86,293,0,0.03,54,98,3,250,400,0,0.03,71,221,30,366,1294,0,0.11,646,363,36,1228,4084,0,0.35,1526,1365,122,3546,309,0,0.03,59,133,14,284,29,0,0,4,11,0,28,257,0,0.02,55,85,10,238,592,0,0.05,108,179,15,579,1902,0,0.16,462,668,56,1844,101,0,0.01,13,46,3,97,495,0,0.04,118,200,24,461,43,0,0,6,15,2,37,420,0,0.04,85,139,21,407,264,0,0.02,78,90,11,259,581,0,0.05,86,271,31,559
BRA,2021-12-02,Brasil,75,0.19,0.01,15,30,0,70,463,-0.02,0.04,155,157,15,432,119,0.32,0.01,24,30,1,113,313,0.07,0.03,73,93,6,271,418,0.05,0.04,102,201,37,374,1276,-0.01,0.11,646,360,37,1208,3493,-0.14,0.29,1383,1252,127,3048,400,0.29,0.03,109,142,14,383,34,0.17,0,6,10,1,32,336,0.31,0.03,68,136,17,317,712,0.2,0.06,165,222,27,691,2043,0.07,0.17,469,822,56,1973,103,0.02,0.01,18,42,12,92,633,0.28,0.05,130,296,41,588,46,0.07,0,7,20,3,39,383,-0.09,0.03,102,159,7,375,284,0.08,0.02,71,117,13,279,729,0.25,0.06,145,336,43,698
BRA,2021-12-03,Brasil,86,0.15,0.01,18,36,3,81,473,0.02,0.04,162,139,18,435,117,-0.02,0.01,14,34,0,111,251,-0.2,0.02,47,62,5,217,389,-0.07,0.04,78,207,40,356,1225,-0.04,0.11,605,332,31,1173,3005,-0.14,0.27,1148,1041,89,2611,442,0.11,0.04,116,165,27,408,30,-0.12,0,6,9,0,29,309,-0.08,0.03,59,115,11,290,622,-0.13,0.06,131,197,23,599,1895,-0.07,0.17,464,684,54,1814,121,0.17,0.01,21,58,2,115,616,-0.03,0.06,132,282,50,586,52,0.13,0,15,14,3,47,568,0.48,0.05,293,145,15,558,283,0,0.03,67,89,9,276,568,-0.22,0.05,107,275,46,528
BRA,2021-12-04,Brasil,50,-0.42,0.01,9,23,3,50,227,-0.52,0.03,73,96,6,215,77,-0.34,0.01,9,22,3,68,133,-0.47,0.02,27,42,5,120,278,-0.29,0.04,63,130,22,256,935,-0.24,0.12,482,292,31,877,1953,-0.35,0.25,736,752,61,1727,212,-0.52,0.03,32,89,8,199,35,0.17,0,5,12,1,34,182,-0.41,0.02,48,65,6,174,455,-0.27,0.06,89,145,8,451,1609,-0.15,0.2,411,577,46,1569,64,-0.47,0.01,17,27,5,62,309,-0.5,0.04,64,141,36,282,27,-0.48,0,5,14,1,24,803,0.41,0.1,324,345,12,792,207,-0.27,0.03,45,93,5,203,370,-0.35,0.05,69,192,30,341
CHL,2021-12-01,Chile,47,0,0.02,3,12,4,39,234,0,0.1,35,59,10,176,36,0,0.02,5,9,7,26,229,0,0.1,27,70,19,159,102,0,0.04,19,44,21,78,250,0,0.11,44,113,30,208,264,0,0.11,34,94,30,196,178,0,0.08,29,79,26,141,13,0,0.01,1,1,0,12,231,0,0.1,64,72,8,211,108,0,0.05,12,33,10,97,160,0,0.07,15,45,14,138,57,0,0.02,8,27,4,48,104,0,0.04,26,48,11,88,56,0,0.02,12,22,4,54,61,0,0.03,16,23,6,55,71,0,0.03,10,27,5,64,146,0,0.06,33,58,16,122
CHL,2021-12-02,Chile,51,0.09,0.02,7,9,4,41,259,0.11,0.11,36,65,14,185,24,-0.33,0.01,3,5,3,15,216,-0.06,0.09,29,49,11,156,106,0.04,0.05,21,37,19,81,199,-0.2,0.09,48,61,10,175,252,-0.05,0.11,36,94,25,198,199,0.12,0.09,45,97,39,156,13,0,0.01,3,0,0,7,190,-0.18,0.08,59,69,10,177,110,0.02,0.05,14,41,14,91,207,0.29,0.09,26,61,21,179,59,0.04,0.03,8,19,6,49,134,0.29,0.06,28,69,23,109,44,-0.21,0.02,8,14,8,32,46,-0.25,0.02,12,12,3,42,70,-0.01,0.03,14,24,9,66,152,0.04,0.07,32,64,14,121
CHL,2021-12-03,Chile,63,0.24,0.02,11,21,9,59,279,0.08,0.1,26,57,18,216,23,-0.04,0.01,2,8,6,17,182,-0.16,0.07,17,55,13,131,342,2.23,0.12,69,171,183,290,183,-0.08,0.07,33,71,24,158,336,0.33,0.12,59,139,36,254,303,0.52,0.11,50,115,49,229,11,-0.15,0,3,5,0,9,190,0,0.07,43,78,17,171,132,0.2,0.05,24,47,23,106,188,-0.09,0.07,35,62,16,151,48,-0.19,0.02,6,22,6,42,127,-0.05,0.05,30,58,26,104,21,-0.52,0.01,6,5,2,16,83,0.8,0.03,24,32,13,68,72,0.03,0.03,9,29,7,69,204,0.34,0.07,57,68,22,160
CHL,2021-12-04,Chile,37,-0.41,0.02,4,17,7,30,147,-0.47,0.09,24,54,14,118,16,-0.3,0.01,1,6,2,12,96,-0.47,0.06,7,26,6,71,210,-0.39,0.13,41,111,78,174,117,-0.36,0.08,33,43,12,99,164,-0.51,0.11,35,65,30,124,176,-0.42,0.11,34,91,36,137,6,-0.45,0,0,1,1,2,76,-0.6,0.05,17,32,9,68,101,-0.23,0.06,11,55,23,87,70,-0.63,0.04,5,25,9,57,24,-0.5,0.02,3,12,4,20,76,-0.4,0.05,20,39,15,60,16,-0.24,0.01,3,3,2,14,48,-0.42,0.03,11,24,3,42,45,-0.37,0.03,8,18,5,44,134,-0.34,0.09,20,68,19,105
COL,2021-12-01,Colombia,93,0,0.02,8,25,3,83,373,0,0.1,32,57,4,248,38,0,0.01,2,10,1,36,395,0,0.1,32,77,16,241,135,0,0.04,11,46,18,108,266,0,0.07,35,79,23,233,654,0,0.17,56,155,39,424,191,0,0.05,19,60,8,146,43,0,0.01,4,12,2,33,204,0,0.05,26,75,6,171,474,0,0.12,34,99,14,389,202,0,0.05,12,48,6,178,124,0,0.03,13,47,7,110,127,0,0.03,18,55,15,108,38,0,0.01,5,13,3,34,69,0,0.02,10,27,7,57,173,0,0.05,13,48,12,158,234,0,0.06,20,101,16,198
COL,2021-12-02,Colombia,114,0.23,0.03,4,23,2,98,336,-0.1,0.09,23,69,9,230,49,0.29,0.01,4,12,3,42,311,-0.21,0.08,22,60,9,205,167,0.24,0.04,17,53,15,118,272,0.02,0.07,43,72,15,225,612,-0.06,0.16,59,169,40,418,196,0.03,0.05,17,61,11,152,48,0.12,0.01,8,8,1,43,243,0.19,0.06,28,89,12,216,395,-0.17,0.11,33,93,16,324,196,-0.03,0.05,8,51,8,163,82,-0.34,0.02,10,26,4,75,155,0.22,0.04,12,89,27,124,67,0.76,0.02,13,17,3,52,72,0.04,0.02,11,24,2,63,166,-0.04,0.04,18,48,10,156,266,0.14,0.07,28,93,20,220
COL,2021-12-03,Colombia,74,-0.35,0.02,3,15,0,61,424,0.26,0.11,49,81,14,289,48,-0.02,0.01,3,15,1,42,436,0.4,0.12,86,62,7,319,134,-0.2,0.04,8,52,10,102,282,0.04,0.07,38,80,19,239,548,-0.1,0.15,60,147,30,388,163,-0.17,0.04,21,51,15,117,44,-0.08,0.01,3,12,1,33,249,0.02,0.07,20,113,10,220,381,-0.04,0.1,37,89,17,320,164,-0.16,0.04,8,29,4,139,97,0.18,0.03,7,28,6,88,131,-0.15,0.03,21,60,11,108,68,0.01,0.02,6,28,5,56,100,0.39,0.03,17,29,9,91,190,0.14,0.05,22,78,22,167,245,-0.08,0.06,30,97,23,209
COL,2021-12-04,Colombia,62,-0.16,0.02,6,19,3,52,233,-0.45,0.09,24,55,14,180,23,-0.52,0.01,1,7,3,21,185,-0.58,0.07,18,51,7,124,107,-0.2,0.04,6,54,19,78,166,-0.41,0.07,19,54,9,138,309,-0.44,0.12,19,123,16,216,189,0.16,0.08,27,49,13,150,31,-0.3,0.01,1,7,2,20,113,-0.55,0.05,15,43,11,93,335,-0.12,0.13,31,88,25,298,132,-0.2,0.05,4,34,4,116,65,-0.33,0.03,2,21,3,59,118,-0.1,0.05,14,45,13,101,35,-0.49,0.01,1,9,3,28,97,-0.03,0.04,13,32,10,86,126,-0.34,0.05,3,46,9,115,157,-0.36,0.06,14,67,14,130
CRI,2021-12-01,Costa Rica,18,0,0.01,1,6,0,16,184,0,0.11,27,45,18,137,3,0,0,2,0,0,2,77,0,0.05,2,9,2,61,62,0,0.04,8,27,4,50,483,0,0.29,109,180,62,405,142,0,0.08,10,51,12,107,54,0,0.03,10,17,11,42,15,0,0.01,2,4,3,7,174,0,0.1,53,54,13,154,60,0,0.04,8,23,4,46,35,0,0.02,3,9,1,34,20,0,0.01,2,6,4,14,144,0,0.09,9,20,13,135,20,0,0.01,1,6,3,16,32,0,0.02,4,15,5,28,67,0,0.04,15,24,6,59,96,0,0.06,16,37,8,87
CRI,2021-12-02,Costa Rica,20,0.11,0.01,3,9,4,15,140,-0.24,0.09,18,36,6,107,4,0.33,0,0,2,0,3,69,-0.1,0.05,8,20,4,57,37,-0.4,0.02,3,11,6,33,424,-0.12,0.28,76,196,52,369,139,-0.02,0.09,23,29,13,105,64,0.19,0.04,18,19,8,48,9,-0.4,0.01,2,2,0,7,154,-0.11,0.1,46,77,12,136,85,0.42,0.06,18,36,15,70,24,-0.31,0.02,1,7,1,22,13,-0.35,0.01,0,4,2,11,183,0.27,0.12,12,43,3,178,9,-0.55,0.01,3,0,1,9,33,0.03,0.02,7,14,2,27,39,-0.42,0.03,7,15,11,29,83,-0.14,0.05,16,33,8,75
CRI,2021-12-03,Costa Rica,14,-0.3,0.01,4,1,1,10,174,0.24,0.13,29,45,9,119,10,1.5,0.01,2,3,3,5,47,-0.32,0.03,8,13,2,38,35,-0.05,0.03,3,8,3,29,390,-0.08,0.29,83,156,58,330,148,0.06,0.11,17,48,13,100,35,-0.45,0.03,8,14,5,29,6,-0.33,0,2,0,2,5,82,-0.47,0.06,17,34,15,69,62,-0.27,0.05,13,24,10,53,50,1.08,0.04,4,7,1,49,12,-0.08,0.01,1,7,1,10,131,-0.28,0.1,6,12,0,127,10,0.11,0.01,2,2,1,8,34,0.03,0.03,4,12,4,27,36,-0.08,0.03,2,20,9,27,74,-0.11,0.05,13,32,5,61
CRI,2021-12-04,Costa Rica,10,-0.29,0.01,1,4,1,10,106,-0.39,0.11,25,36,11,75,3,-0.7,0,1,0,0,1,30,-0.36,0.03,5,11,2,17,35,0,0.04,3,10,5,25,260,-0.33,0.27,65,90,39,220,64,-0.57,0.07,6,22,3,50,24,-0.31,0.03,7,10,4,20,3,-0.5,0,0,1,0,3,76,-0.07,0.08,20,29,7,66,79,0.27,0.08,19,26,8,66,11,-0.78,0.01,4,3,0,9,13,0.08,0.01,2,4,0,12,128,-0.02,0.14,5,10,4,123,8,-0.2,0.01,3,1,1,6,12,-0.65,0.01,2,3,2,8,22,-0.39,0.02,6,9,4,18,62,-0.16,0.07,11,35,11,54
ECU,2021-12-01,Ecuador,104,0,0.04,4,9,1,98,296,0,0.12,27,58,13,193,26,0,0.01,3,4,2,23,156,0,0.06,9,18,4,110,70,0,0.03,3,32,10,50,473,0,0.19,64,144,44,403,171,0,0.07,19,52,23,125,247,0,0.1,67,85,30,222,12,0,0,0,3,1,7,109,0,0.04,12,39,7,90,150,0,0.06,14,33,8,142,68,0,0.03,5,11,4,57,64,0,0.03,4,7,3,54,81,0,0.03,11,35,18,64,40,0,0.02,1,5,3,38,63,0,0.03,8,12,1,59,114,0,0.05,7,31,5,107,268,0,0.11,44,89,24,235
ECU,2021-12-02,Ecuador,41,-0.61,0.02,2,8,1,32,172,-0.42,0.09,19,26,9,127,16,-0.38,0.01,1,3,2,11,77,-0.51,0.04,2,7,0,64,52,-0.26,0.03,3,14,2,43,330,-0.3,0.18,50,129,53,292,159,-0.07,0.09,28,50,12,117,113,-0.54,0.06,22,48,18,96,13,0.08,0.01,3,3,2,8,97,-0.11,0.05,11,39,4,84,101,-0.33,0.06,13,22,6,94,45,-0.34,0.02,7,12,2,40,34,-0.47,0.02,6,7,2,29,83,0.02,0.05,15,38,11,74,7,-0.82,0,1,1,0,6,66,0.05,0.04,12,12,1,54,147,0.29,0.08,21,55,14,138,259,-0.03,0.14,51,108,19,230
ECU,2021-12-03,Ecuador,15,-0.63,0.01,2,2,2,12,114,-0.34,0.09,14,21,2,86,5,-0.69,0,0,3,0,5,59,-0.23,0.05,4,8,2,36,61,0.17,0.05,6,30,8,52,223,-0.32,0.18,35,86,19,205,97,-0.39,0.08,8,39,9,70,79,-0.3,0.06,17,27,6,65,8,-0.38,0.01,0,4,0,7,51,-0.47,0.04,9,18,4,42,94,-0.07,0.08,7,26,1,85,19,-0.58,0.02,0,7,3,18,24,-0.29,0.02,5,9,2,22,48,-0.42,0.04,6,23,3,45,10,0.43,0.01,1,4,1,8,16,-0.76,0.01,3,4,2,13,104,-0.29,0.08,5,34,5,100,198,-0.24,0.16,32,72,16,170
ECU,2021-12-04,Ecuador,10,-0.33,0.02,1,6,0,10,43,-0.62,0.07,6,8,2,37,2,-0.6,0,1,0,0,2,12,-0.8,0.02,0,5,0,11,21,-0.66,0.04,2,7,6,13,110,-0.51,0.19,21,59,14,99,36,-0.63,0.06,5,18,8,31,48,-0.39,0.08,13,16,9,43,4,-0.5,0.01,0,3,1,3,38,-0.25,0.07,7,19,4,33,46,-0.51,0.08,8,19,5,41,14,-0.26,0.02,1,2,0,12,15,-0.37,0.03,2,7,0,13,29,-0.4,0.05,4,15,4,25,10,0,0.02,2,2,0,10,10,-0.37,0.02,0,7,0,9,68,-0.35,0.12,8,25,6,59,68,-0.66,0.12,11,45,12,63
SLV,2021-12-01,El Salvador,153,0,0.03,11,25,5,138,519,0,0.11,47,103,23,362,49,0,0.01,5,11,2,41,200,0,0.04,14,28,5,136,135,0,0.03,8,57,18,102,1193,0,0.24,159,347,111,1064,272,0,0.06,29,88,20,207,482,0,0.1,158,141,35,422,33,0,0.01,2,10,3,23,308,0,0.06,78,80,11,278,236,0,0.05,25,73,24,211,119,0,0.02,11,18,6,104,111,0,0.02,11,24,5,95,175,0,0.04,24,85,25,134,142,0,0.03,8,24,5,136,106,0,0.02,16,31,3,99,167,0,0.03,27,74,7,155,530,0,0.11,82,199,56,460
SLV,2021-12-02,El Salvador,86,-0.44,0.02,3,23,4,66,421,-0.19,0.09,47,95,15,329,54,0.1,0.01,4,8,6,43,175,-0.12,0.04,7,31,2,134,191,0.41,0.04,21,68,12,163,909,-0.24,0.2,153,319,106,786,387,0.42,0.08,78,120,17,281,315,-0.35,0.07,66,112,25,272,44,0.33,0.01,2,13,5,28,220,-0.29,0.05,20,72,8,188,204,-0.14,0.04,21,60,17,176,104,-0.13,0.02,11,31,6,83,104,-0.06,0.02,14,16,5,90,193,0.1,0.04,29,70,20,169,66,-0.54,0.01,6,14,4,56,78,-0.26,0.02,10,16,8,66,267,0.6,0.06,59,100,23,245,755,0.42,0.17,152,308,51,678
SLV,2021-12-03,El Salvador,76,-0.12,0.02,5,14,2,66,476,0.13,0.11,37,95,14,323,25,-0.54,0.01,1,8,1,24,199,0.14,0.05,17,30,4,120,206,0.08,0.05,18,83,29,162,908,0,0.22,131,282,81,778,276,-0.29,0.07,37,86,15,189,228,-0.28,0.05,34,90,21,191,32,-0.27,0.01,1,15,2,20,179,-0.19,0.04,22,54,12,136,303,0.49,0.07,18,80,14,242,103,-0.01,0.02,11,27,8,90,81,-0.22,0.02,12,22,2,68,144,-0.25,0.03,20,53,7,128,58,-0.12,0.01,5,11,0,50,67,-0.14,0.02,9,29,3,58,228,-0.15,0.05,31,108,22,207,598,-0.21,0.14,74,213,47,525
SLV,2021-12-04,El Salvador,50,-0.34,0.02,0,18,1,42,233,-0.51,0.09,34,77,14,157,14,-0.44,0.01,0,2,0,13,66,-0.67,0.03,3,17,1,43,101,-0.51,0.04,16,32,8,82,598,-0.34,0.24,112,247,58,514,162,-0.41,0.06,22,62,7,123,125,-0.45,0.05,14,59,14,97,25,-0.22,0.01,3,10,3,17,149,-0.17,0.06,29,55,9,131,196,-0.35,0.08,31,70,23,172,59,-0.43,0.02,9,20,3,53,55,-0.32,0.02,4,19,2,45,104,-0.28,0.04,20,59,13,88,27,-0.53,0.01,2,12,1,24,57,-0.15,0.02,10,24,8,47,201,-0.12,0.08,36,77,14,185,296,-0.51,0.12,48,140,24,258
GTM,2021-12-01,Guatemala,33,0,0.02,3,4,0,27,94,0,0.06,14,29,8,63,13,0,0.01,2,1,0,12,51,0,0.03,2,5,1,41,23,0,0.02,1,8,0,21,450,0,0.3,48,83,24,375,105,0,0.07,14,15,4,75,40,0,0.03,2,13,4,33,8,0,0.01,1,0,0,7,136,0,0.09,42,32,2,124,124,0,0.08,12,30,11,114,57,0,0.04,6,5,1,52,19,0,0.01,0,6,2,15,32,0,0.02,4,10,5,24,51,0,0.03,7,7,2,45,34,0,0.02,4,5,1,31,74,0,0.05,9,17,4,67,177,0,0.12,22,64,12,152
GTM,2021-12-02,Guatemala,19,-0.42,0.01,0,9,0,13,88,-0.06,0.06,10,23,3,70,12,-0.08,0.01,2,3,1,9,59,0.16,0.04,2,4,4,47,28,0.22,0.02,1,5,2,21,404,-0.1,0.27,61,96,40,338,117,0.11,0.08,6,34,7,80,49,0.23,0.03,10,10,2,39,8,0,0.01,0,1,0,4,120,-0.12,0.08,37,42,4,105,116,-0.06,0.08,10,25,6,97,81,0.42,0.05,4,17,2,77,18,-0.05,0.01,4,3,1,15,31,-0.03,0.02,6,12,4,23,43,-0.16,0.03,6,10,3,33,54,0.59,0.04,14,12,2,40,102,0.38,0.07,15,25,3,89,128,-0.28,0.09,14,38,7,115
GTM,2021-12-03,Guatemala,18,-0.05,0.01,1,7,1,14,67,-0.24,0.05,6,8,0,49,9,-0.25,0.01,0,3,0,7,51,-0.14,0.04,0,7,0,31,22,-0.21,0.02,0,7,1,18,458,0.13,0.35,63,103,41,386,66,-0.44,0.05,3,8,1,47,44,-0.1,0.03,0,12,1,36,4,-0.5,0,0,1,0,3,61,-0.49,0.05,14,13,1,51,97,-0.16,0.07,12,33,10,85,55,-0.32,0.04,4,11,1,51,24,0.33,0.02,1,8,3,21,33,0.06,0.03,5,10,0,30,44,0.02,0.03,7,7,0,40,30,-0.44,0.02,2,4,1,28,72,-0.29,0.06,7,20,2,65,152,0.19,0.12,17,45,12,134
GTM,2021-12-04,Guatemala,17,-0.06,0.02,1,6,1,14,44,-0.34,0.05,7,10,2,36,10,0.11,0.01,2,4,0,9,30,-0.41,0.04,3,5,1,23,16,-0.27,0.02,2,5,0,12,302,-0.34,0.37,53,74,24,259,52,-0.21,0.06,4,11,1,35,20,-0.55,0.02,1,5,2,16,10,1.5,0.01,1,0,0,8,39,-0.36,0.05,4,8,1,33,52,-0.46,0.06,8,13,7,43,31,-0.44,0.04,1,9,0,28,8,-0.67,0.01,2,4,1,8,26,-0.21,0.03,2,12,2,22,11,-0.75,0.01,3,2,0,10,33,0.1,0.04,2,8,1,22,51,-0.29,0.06,6,11,3,41,73,-0.52,0.09,11,23,4,65
GUY,2021-12-01,Guyana,1,0,0,0,1,0,1,19,0,0.08,7,4,0,10,15,0,0.06,2,3,3,10,3,0,0.01,2,0,1,2,6,0,0.02,0,1,0,6,83,0,0.33,30,10,9,54,13,0,0.05,0,3,1,9,5,0,0.02,0,0,0,1,0,0,0,0,0,0,0,42,0,0.17,3,0,0,33,4,0,0.02,1,0,1,3,14,0,0.06,3,3,0,9,2,0,0.01,0,1,0,1,8,0,0.03,3,1,1,4,3,0,0.01,0,1,1,1,2,0,0.01,0,1,0,0,15,0,0.06,4,4,0,13,15,0,0.06,2,5,0,11
GUY,2021-12-02,Guyana,0,-1,0,0,0,0,0,24,0.26,0.09,14,4,1,15,17,0.13,0.07,5,4,2,11,2,-0.33,0.01,1,1,1,1,10,0.67,0.04,0,0,1,5,73,-0.12,0.28,18,23,7,46,19,0.46,0.07,3,3,1,14,7,0.4,0.03,5,1,2,4,1,100,0,0,0,0,1,40,-0.05,0.15,3,5,1,33,10,1.5,0.04,1,3,0,9,15,0.07,0.06,4,3,1,9,4,1,0.02,1,3,1,3,10,0.25,0.04,2,3,0,3,1,-0.67,0,1,0,0,1,0,-1,0,0,0,0,0,17,0.13,0.07,8,5,2,10,9,-0.4,0.03,2,3,0,6
GUY,2021-12-03,Guyana,1,100,0,0,1,0,1,24,0,0.09,9,4,3,15,15,-0.12,0.06,3,3,1,8,6,2,0.02,1,2,0,3,9,-0.1,0.03,2,2,3,5,77,0.05,0.29,26,15,13,55,23,0.21,0.09,5,1,0,13,5,-0.29,0.02,2,0,1,2,1,0,0,0,0,0,1,44,0.1,0.17,4,2,0,42,3,-0.7,0.01,2,0,3,1,16,0.07,0.06,5,2,2,8,3,-0.25,0.01,1,0,1,3,7,-0.3,0.03,1,2,1,6,2,1,0.01,1,0,0,0,0,100,0,0,0,0,0,19,0.12,0.07,2,11,3,10,11,0.22,0.04,3,5,1,6
GUY,2021-12-04,Guyana,0,-1,0,0,0,0,0,15,-0.37,0.08,5,3,0,11,16,0.07,0.09,5,4,1,9,3,-0.5,0.02,0,1,0,2,5,-0.44,0.03,1,1,1,4,61,-0.21,0.33,25,11,3,38,5,-0.78,0.03,1,3,1,4,3,-0.4,0.02,0,0,0,1,0,-1,0,0,0,0,0,33,-0.25,0.18,7,1,2,29,4,0.33,0.02,0,2,0,3,12,-0.25,0.07,4,3,0,11,1,-0.67,0.01,0,1,0,0,4,-0.43,0.02,2,2,0,2,3,0.5,0.02,3,0,0,3,0,100,0,0,0,0,0,7,-0.63,0.04,2,2,1,4,12,0.09,0.07,3,2,1,7
HTI,2021-12-01,Haití,2,0,0.01,1,1,0,1,6,0,0.02,2,2,0,5,35,0,0.11,6,17,0,16,2,0,0.01,0,1,0,1,0,0,0,0,0,0,0,6,0,0.02,0,0,0,2,205,0,0.67,45,75,2,122,4,0,0.01,2,1,0,4,0,0,0,0,0,0,0,5,0,0.02,1,2,0,2,5,0,0.02,1,2,0,3,8,0,0.03,1,3,0,4,3,0,0.01,1,1,0,0,8,0,0.03,3,3,0,3,1,0,0,0,1,0,1,2,0,0.01,0,2,0,1,10,0,0.03,2,4,0,7,6,0,0.02,0,3,0,2
HTI,2021-12-02,Haití,3,0.5,0.01,1,1,0,2,7,0.17,0.03,3,3,0,5,28,-0.2,0.11,7,13,0,15,0,-1,0,0,0,0,0,1,100,0,0,0,0,1,0,-1,0,0,0,0,0,153,-0.25,0.6,28,56,1,99,1,-0.75,0,0,0,0,1,0,100,0,0,0,0,0,1,-0.8,0,0,0,0,1,10,1,0.04,2,5,0,7,9,0.13,0.04,3,3,0,4,3,0,0.01,0,1,0,3,8,0,0.03,3,2,0,3,0,-1,0,0,0,0,0,3,0.5,0.01,0,1,0,2,12,0.2,0.05,2,5,0,4,14,1.33,0.06,2,4,0,9
HTI,2021-12-03,Haití,2,-0.33,0.01,0,1,0,1,8,0.14,0.03,1,6,0,8,20,-0.29,0.09,4,10,0,7,0,100,0,0,0,0,0,1,0,0,0,0,0,0,1,100,0,0,0,0,1,151,-0.01,0.66,33,53,1,102,4,3,0.02,1,3,0,2,0,100,0,0,0,0,0,2,1,0.01,1,1,0,2,10,0,0.04,0,5,0,7,9,0,0.04,1,3,0,5,1,-0.67,0,1,0,0,1,6,-0.25,0.03,0,5,0,3,0,100,0,0,0,0,0,3,0,0.01,1,1,0,3,8,-0.33,0.03,0,4,0,4,4,-0.71,0.02,1,2,0,2
HTI,2021-12-04,Haití,1,-0.5,0.01,0,1,0,1,4,-0.5,0.02,0,3,0,3,5,-0.75,0.03,2,3,0,3,2,100,0.01,0,2,0,1,2,1,0.01,1,0,0,1,3,2,0.02,0,0,0,2,125,-0.17,0.69,26,59,3,73,1,-0.75,0.01,0,0,0,0,0,100,0,0,0,0,0,4,1,0.02,0,3,0,2,1,-0.9,0.01,0,1,0,1,13,0.44,0.07,2,6,0,7,1,0,0.01,0,1,0,1,3,-0.5,0.02,0,0,0,2,0,100,0,0,0,0,0,1,-0.67,0.01,1,0,0,1,10,0.25,0.06,4,2,0,7,5,0.25,0.03,1,2,0,3
HND,2021-12-01,Honduras,10,0,0.01,1,6,0,8,42,0,0.04,4,18,1,31,7,0,0.01,2,1,1,7,44,0,0.04,5,8,0,40,17,0,0.01,3,7,1,12,308,0,0.27,18,39,10,264,92,0,0.08,18,23,1,76,30,0,0.03,4,11,0,27,2,0,0,0,0,0,2,51,0,0.04,6,18,2,43,65,0,0.06,5,11,2,62,51,0,0.04,3,8,0,47,29,0,0.03,6,3,1,28,26,0,0.02,4,8,4,22,25,0,0.02,2,6,0,24,29,0,0.03,1,8,0,29,68,0,0.06,7,19,1,67,258,0,0.22,32,80,14,222
HND,2021-12-02,Honduras,11,0.1,0.01,0,1,0,9,53,0.26,0.06,6,12,3,40,10,0.43,0.01,1,5,0,8,17,-0.61,0.02,3,4,0,10,36,1.12,0.04,2,15,0,30,236,-0.23,0.26,12,37,8,209,71,-0.23,0.08,9,15,7,58,32,0.07,0.04,3,6,1,26,3,0.5,0,0,1,0,2,32,-0.37,0.04,5,10,0,26,68,0.05,0.08,3,7,1,62,31,-0.39,0.03,2,5,0,27,25,-0.14,0.03,7,4,0,24,18,-0.31,0.02,3,8,1,16,32,0.28,0.04,3,4,0,29,21,-0.28,0.02,3,6,1,16,54,-0.21,0.06,3,19,3,54,143,-0.45,0.16,21,34,7,118
HND,2021-12-03,Honduras,12,0.09,0.01,1,2,0,12,48,-0.09,0.05,2,16,1,38,7,-0.3,0.01,1,0,0,7,18,0.06,0.02,0,3,0,16,31,-0.14,0.03,2,4,1,24,208,-0.12,0.22,19,21,7,184,57,-0.2,0.06,7,16,3,43,29,-0.09,0.03,5,7,1,26,1,-0.67,0,0,0,0,0,29,-0.09,0.03,7,9,0,27,72,0.06,0.08,1,12,2,69,21,-0.32,0.02,1,4,1,21,14,-0.44,0.01,6,3,0,13,29,0.61,0.03,6,11,1,25,30,-0.06,0.03,6,1,1,28,13,-0.38,0.01,4,5,0,12,134,1.48,0.14,7,33,5,132,182,0.27,0.19,25,58,6,161
HND,2021-12-04,Honduras,9,-0.25,0.01,1,2,2,7,44,-0.08,0.06,5,15,1,34,1,-0.86,0,1,0,1,1,13,-0.28,0.02,1,4,0,8,25,-0.19,0.04,3,3,1,23,167,-0.2,0.24,11,32,4,150,44,-0.23,0.06,3,12,1,34,27,-0.07,0.04,3,2,1,25,1,0,0,0,0,0,1,28,-0.03,0.04,3,12,3,25,51,-0.29,0.07,2,7,1,47,11,-0.48,0.02,1,2,0,10,12,-0.14,0.02,0,8,1,10,27,-0.07,0.04,1,5,1,24,25,-0.17,0.04,1,2,1,23,13,0,0.02,0,3,1,12,102,-0.24,0.14,2,36,3,97,107,-0.41,0.15,13,32,2,91
JAM,2021-12-01,Jamaica,6,0,0.01,1,1,0,4,82,0,0.08,14,28,2,45,24,0,0.02,6,5,1,15,13,0,0.01,7,1,0,7,42,0,0.04,4,13,6,30,256,0,0.26,49,57,16,178,63,0,0.06,17,21,4,36,29,0,0.03,4,10,3,18,4,0,0,1,1,0,4,65,0,0.07,12,8,1,58,70,0,0.07,12,31,12,49,96,0,0.1,22,22,2,73,12,0,0.01,3,6,0,10,47,0,0.05,9,9,4,32,5,0,0.01,1,1,1,4,5,0,0.01,2,1,0,4,133,0,0.13,29,52,18,102,40,0,0.04,7,17,5,22
JAM,2021-12-02,Jamaica,10,0.67,0.01,1,2,0,9,68,-0.17,0.09,19,22,4,43,20,-0.17,0.03,3,4,2,14,18,0.38,0.02,1,3,1,9,18,-0.57,0.02,1,6,0,11,176,-0.31,0.22,36,49,21,128,61,-0.03,0.08,2,32,3,39,20,-0.31,0.03,4,8,1,10,6,0.5,0.01,1,2,1,3,54,-0.17,0.07,7,6,2,41,47,-0.33,0.06,4,15,1,34,83,-0.14,0.11,15,14,5,62,8,-0.33,0.01,1,2,1,6,40,-0.15,0.05,4,15,2,32,4,-0.2,0.01,0,1,1,2,6,0.2,0.01,2,1,0,6,121,-0.09,0.15,17,52,7,84,25,-0.37,0.03,4,10,5,15
JAM,2021-12-03,Jamaica,7,-0.3,0.01,1,1,0,5,79,0.16,0.09,10,28,1,58,23,0.15,0.03,6,2,0,13,23,0.28,0.03,9,2,2,13,34,0.89,0.04,5,7,3,28,209,0.19,0.24,43,51,25,141,56,-0.08,0.07,10,9,5,32,25,0.25,0.03,4,6,2,12,5,-0.17,0.01,3,0,0,3,67,0.24,0.08,5,8,1,61,47,0,0.05,7,16,8,39,65,-0.22,0.08,11,13,1,58,10,0.25,0.01,2,6,1,5,43,0.08,0.05,11,11,3,32,5,0.25,0.01,1,1,0,4,10,0.67,0.01,2,1,0,7,126,0.04,0.15,22,58,8,84,27,0.08,0.03,3,14,2,18
JAM,2021-12-04,Jamaica,3,-0.57,0,1,1,0,1,59,-0.25,0.09,18,16,5,28,24,0.04,0.04,11,6,3,18,11,-0.52,0.02,3,4,2,5,30,-0.12,0.05,4,9,5,24,149,-0.29,0.22,33,46,17,98,45,-0.2,0.07,11,18,8,29,16,-0.36,0.02,7,6,2,8,9,0.8,0.01,3,1,0,3,47,-0.3,0.07,8,9,1,41,34,-0.28,0.05,9,14,1,22,59,-0.09,0.09,13,11,2,51,6,-0.4,0.01,2,2,0,2,28,-0.35,0.04,5,9,6,19,8,0.6,0.01,2,4,2,4,3,-0.7,0,0,2,0,1,113,-0.1,0.17,12,57,14,81,22,-0.19,0.03,3,10,1,15
MEX,2021-12-01,México,91,0,0.02,6,19,1,70,609,0,0.1,56,125,16,464,45,0,0.01,2,15,2,37,364,0,0.06,22,74,8,259,172,0,0.03,17,46,10,126,866,0,0.15,122,261,69,738,615,0,0.11,58,154,30,456,308,0,0.05,21,72,12,256,69,0,0.01,9,8,1,54,343,0,0.06,57,100,11,313,395,0,0.07,31,114,16,343,337,0,0.06,16,45,5,293,131,0,0.02,13,30,8,118,249,0,0.04,24,81,21,200,98,0,0.02,13,24,3,84,120,0,0.02,28,29,9,105,356,0,0.06,38,109,19,320,644,0,0.11,76,175,35,546
MEX,2021-12-02,México,95,0.04,0.02,9,20,4,74,529,-0.13,0.09,40,109,16,422,33,-0.27,0.01,4,8,3,27,408,0.12,0.07,33,66,15,286,173,0.01,0.03,14,52,8,137,703,-0.19,0.12,102,209,62,594,654,0.06,0.11,68,154,35,510,337,0.09,0.06,30,86,22,275,94,0.36,0.02,6,19,2,65,374,0.09,0.06,76,120,19,326,392,-0.01,0.07,37,114,26,345,345,0.02,0.06,14,47,9,290,153,0.17,0.03,14,29,8,132,355,0.43,0.06,27,147,60,269,127,0.3,0.02,21,34,7,113,161,0.34,0.03,21,50,15,128,305,-0.14,0.05,45,89,21,286,605,-0.06,0.1,72,188,39,511
MEX,2021-12-03,México,84,-0.12,0.01,4,19,1,69,958,0.81,0.17,123,206,79,742,50,0.52,0.01,5,13,2,39,651,0.6,0.11,116,87,8,454,155,-0.1,0.03,14,49,10,123,614,-0.13,0.11,101,155,40,517,562,-0.14,0.1,57,152,30,389,255,-0.24,0.04,38,63,17,188,88,-0.06,0.02,4,12,1,65,328,-0.12,0.06,41,104,14,273,380,-0.03,0.07,31,60,17,329,309,-0.1,0.05,23,44,5,251,136,-0.11,0.02,11,33,7,120,225,-0.37,0.04,32,73,26,179,166,0.31,0.03,23,27,6,150,99,-0.39,0.02,19,25,4,80,203,-0.33,0.04,30,56,16,178,444,-0.27,0.08,56,123,27,381
MEX,2021-12-04,México,63,-0.25,0.02,4,11,3,50,449,-0.53,0.14,56,107,19,356,29,-0.42,0.01,4,6,1,26,284,-0.56,0.09,57,44,6,209,124,-0.2,0.04,7,36,9,91,445,-0.28,0.13,77,111,30,388,285,-0.49,0.09,35,81,12,218,186,-0.27,0.06,22,69,13,140,37,-0.58,0.01,8,8,0,32,168,-0.49,0.05,26,54,6,141,239,-0.37,0.07,28,63,23,209,196,-0.37,0.06,10,37,2,170,84,-0.38,0.03,15,20,7,74,143,-0.36,0.04,21,60,17,122,89,-0.46,0.03,4,16,2,70,72,-0.27,0.02,14,15,4,63,159,-0.22,0.05,13,47,8,142,268,-0.4,0.08,35,70,18,225
NIC,2021-12-01,Nicaragua,19,0,0.02,1,2,1,14,274,0,0.28,15,40,2,219,8,0,0.01,1,0,0,8,34,0,0.03,2,3,1,29,20,0,0.02,3,2,0,12,271,0,0.27,31,43,7,239,51,0,0.05,6,8,0,44,29,0,0.03,3,4,1,24,5,0,0.01,1,1,0,3,31,0,0.03,6,4,0,30,40,0,0.04,3,5,1,37,51,0,0.05,3,5,0,48,17,0,0.02,1,2,0,14,16,0,0.02,6,1,0,14,17,0,0.02,1,4,0,15,22,0,0.02,4,3,1,22,35,0,0.04,2,8,0,32,56,0,0.06,3,6,2,55
NIC,2021-12-02,Nicaragua,23,0.21,0.02,2,0,0,17,310,0.13,0.28,19,29,2,259,8,0,0.01,1,1,0,7,39,0.15,0.03,2,3,1,35,24,0.2,0.02,3,7,1,21,268,-0.01,0.24,25,35,6,241,65,0.27,0.06,6,17,1,48,44,0.52,0.04,2,4,1,26,5,0,0,0,0,0,5,37,0.19,0.03,4,8,1,34,46,0.15,0.04,3,4,1,41,46,-0.1,0.04,1,4,0,45,13,-0.24,0.01,0,1,0,12,22,0.38,0.02,3,3,1,17,23,0.35,0.02,0,4,2,18,38,0.73,0.03,7,7,0,35,33,-0.06,0.03,0,3,2,31,80,0.43,0.07,12,10,0,73
NIC,2021-12-03,Nicaragua,18,-0.22,0.02,1,1,0,15,274,-0.12,0.27,15,34,1,230,7,-0.12,0.01,0,0,0,7,32,-0.18,0.03,1,2,0,26,30,0.25,0.03,5,10,2,28,220,-0.18,0.22,30,20,7,190,61,-0.06,0.06,7,17,0,42,35,-0.2,0.04,2,5,1,22,5,0,0.01,0,1,0,3,23,-0.38,0.02,3,1,1,21,70,0.52,0.07,8,8,3,59,19,-0.59,0.02,1,0,0,19,15,0.15,0.02,0,0,0,15,14,-0.36,0.01,1,3,0,11,46,1,0.05,10,3,0,43,27,-0.29,0.03,3,2,0,23,27,-0.18,0.03,4,5,2,25,74,-0.07,0.07,8,16,1,67
NIC,2021-12-04,Nicaragua,21,0.17,0.03,0,2,0,19,221,-0.19,0.31,20,24,3,171,8,0.14,0.01,3,1,0,8,26,-0.19,0.04,3,3,0,20,19,-0.37,0.03,2,3,0,9,150,-0.32,0.21,26,23,7,132,49,-0.2,0.07,4,17,1,36,15,-0.57,0.02,2,3,1,10,3,-0.4,0,0,0,0,1,25,0.09,0.04,6,4,0,20,31,-0.56,0.04,3,5,4,27,12,-0.37,0.02,1,2,1,12,7,-0.53,0.01,2,0,0,6,20,0.43,0.03,4,7,0,14,15,-0.67,0.02,3,3,1,12,16,-0.41,0.02,2,2,0,15,15,-0.44,0.02,0,2,0,15,50,-0.32,0.07,12,2,1,45
PAN,2021-12-01,Panamá,26,0,0.01,1,10,1,25,174,0,0.08,29,59,5,110,13,0,0.01,1,4,2,10,67,0,0.03,5,11,3,53,48,0,0.02,8,14,3,37,874,0,0.4,144,281,64,748,94,0,0.04,10,28,10,75,56,0,0.03,11,23,10,44,8,0,0,0,2,2,7,127,0,0.06,44,34,5,121,135,0,0.06,26,37,9,119,38,0,0.02,2,6,4,33,51,0,0.02,8,8,5,45,41,0,0.02,5,14,7,37,25,0,0.01,4,9,1,20,41,0,0.02,3,17,2,35,187,0,0.09,4,35,4,178,154,0,0.07,23,63,15,136
PAN,2021-12-02,Panamá,24,-0.08,0.01,1,7,0,20,128,-0.26,0.06,22,28,10,94,7,-0.46,0,0,1,0,7,78,0.16,0.04,5,18,1,64,51,0.06,0.02,2,16,2,38,794,-0.09,0.38,136,289,88,671,109,0.16,0.05,18,28,5,80,54,-0.04,0.03,8,22,6,45,4,-0.5,0,1,0,0,4,127,0,0.06,44,48,9,116,134,-0.01,0.06,13,42,10,118,34,-0.11,0.02,6,6,4,24,40,-0.22,0.02,2,10,2,33,52,0.27,0.03,4,22,5,41,17,-0.32,0.01,3,4,0,14,47,0.15,0.02,7,15,5,43,174,-0.07,0.08,10,25,5,169,189,0.23,0.09,26,72,22,158
PAN,2021-12-03,Panamá,13,-0.46,0.01,1,4,1,11,185,0.45,0.08,19,52,10,151,11,0.57,0,0,2,0,10,68,-0.13,0.03,5,13,1,40,44,-0.14,0.02,1,18,2,34,882,0.11,0.37,145,298,76,705,100,-0.08,0.04,12,35,2,58,79,0.46,0.03,7,32,7,66,8,1,0,2,4,1,6,74,-0.42,0.03,20,28,7,57,125,-0.07,0.05,13,35,9,111,39,0.15,0.02,9,7,1,28,36,-0.1,0.02,3,7,6,33,45,-0.13,0.02,8,17,3,34,31,0.82,0.01,2,22,2,28,34,-0.28,0.01,7,12,2,26,289,0.66,0.12,23,47,11,278,310,0.64,0.13,50,149,47,250
PAN,2021-12-04,Panamá,18,0.38,0.01,0,6,0,15,57,-0.69,0.04,13,19,4,40,9,-0.18,0.01,0,2,1,7,20,-0.71,0.01,2,8,0,12,32,-0.27,0.02,6,11,5,28,540,-0.39,0.4,100,202,60,437,59,-0.41,0.04,15,21,5,38,33,-0.58,0.02,5,17,4,26,5,-0.37,0,0,2,1,5,52,-0.3,0.04,15,23,4,45,79,-0.37,0.06,9,30,7,71,20,-0.49,0.01,2,5,1,14,32,-0.11,0.02,2,6,0,31,31,-0.31,0.02,6,15,3,24,18,-0.42,0.01,2,4,2,14,17,-0.5,0.01,2,9,2,14,169,-0.42,0.13,12,43,13,157,158,-0.49,0.12,14,91,26,134
PRY,2021-12-01,Paraguay,72,0,0.03,7,17,2,65,171,0,0.07,27,36,8,130,8,0,0,1,2,1,7,53,0,0.02,10,8,3,38,55,0,0.02,5,18,10,43,1382,0,0.54,257,391,76,1170,139,0,0.05,17,32,3,107,32,0,0.01,4,7,0,29,18,0,0.01,2,0,0,15,88,0,0.03,13,21,1,73,88,0,0.03,14,25,5,81,84,0,0.03,6,17,2,81,32,0,0.01,3,12,4,26,74,0,0.03,9,26,6,62,27,0,0.01,3,8,4,23,41,0,0.02,7,6,1,40,55,0,0.02,7,15,1,52,121,0,0.05,16,33,5,103
PRY,2021-12-02,Paraguay,60,-0.17,0.03,14,9,1,59,139,-0.19,0.06,35,27,5,106,6,-0.25,0,0,2,0,6,52,-0.02,0.02,2,9,2,37,57,0.04,0.02,2,17,0,46,1244,-0.1,0.53,187,338,74,1070,125,-0.1,0.05,14,31,6,88,63,0.97,0.03,4,10,4,52,19,0.06,0.01,1,4,1,13,82,-0.07,0.03,17,18,2,69,77,-0.12,0.03,10,31,6,69,66,-0.21,0.03,10,8,5,58,31,-0.03,0.01,12,8,2,23,61,-0.18,0.03,11,20,3,54,12,-0.56,0.01,0,6,2,9,40,-0.02,0.02,7,6,4,30,82,0.49,0.03,7,19,3,72,147,0.21,0.06,26,30,8,138
PRY,2021-12-03,Paraguay,56,-0.07,0.02,8,13,8,44,165,0.19,0.07,19,33,4,119,16,1.67,0.01,1,3,1,12,50,-0.04,0.02,7,6,0,33,49,-0.14,0.02,4,14,1,44,1161,-0.07,0.5,154,315,69,955,141,0.13,0.06,13,36,11,104,46,-0.27,0.02,1,9,0,36,16,-0.16,0.01,0,2,0,8,79,-0.04,0.03,8,17,1,67,105,0.36,0.05,15,50,8,95,78,0.18,0.03,7,13,5,70,22,-0.29,0.01,1,3,1,20,57,-0.07,0.02,12,17,2,51,15,0.25,0.01,5,1,0,15,67,0.68,0.03,8,21,4,61,79,-0.04,0.03,7,20,9,74,115,-0.22,0.05,16,46,3,105
PRY,2021-12-04,Paraguay,44,-0.21,0.04,5,19,6,34,53,-0.68,0.04,11,12,1,38,7,-0.56,0.01,1,3,1,5,19,-0.62,0.02,2,7,0,14,29,-0.41,0.02,6,9,0,16,639,-0.45,0.52,138,206,68,517,60,-0.57,0.05,12,23,3,45,31,-0.33,0.03,1,10,2,23,9,-0.44,0.01,1,3,1,7,65,-0.18,0.05,11,17,4,54,59,-0.44,0.05,8,25,4,51,38,-0.51,0.03,2,6,1,37,12,-0.45,0.01,7,3,1,9,33,-0.42,0.03,7,14,1,29,13,-0.13,0.01,4,3,0,10,45,-0.33,0.04,7,13,2,39,23,-0.71,0.02,5,5,0,21,54,-0.53,0.04,6,19,6,51
PER,2021-12-01,Perú,36,0,0.03,2,11,3,28,127,0,0.1,27,34,7,96,28,0,0.02,4,9,3,25,88,0,0.07,8,18,4,61,59,0,0.04,2,18,4,52,197,0,0.15,37,68,19,167,131,0,0.1,21,41,10,107,59,0,0.04,5,24,10,47,6,0,0,0,2,0,5,43,0,0.03,4,17,2,34,67,0,0.05,8,24,6,52,133,0,0.1,13,29,2,126,25,0,0.02,3,10,1,23,38,0,0.03,4,15,3,37,13,0,0.01,1,4,0,11,37,0,0.03,7,9,1,35,57,0,0.04,9,28,10,51,180,0,0.14,14,108,24,155
PER,2021-12-02,Perú,50,0.39,0.04,8,7,0,48,126,-0.01,0.11,21,28,8,95,21,-0.25,0.02,1,4,2,18,100,0.14,0.09,11,10,5,64,41,-0.31,0.04,2,13,4,27,178,-0.1,0.16,31,57,15,151,119,-0.09,0.1,10,38,7,86,69,0.17,0.06,7,22,5,55,10,0.67,0.01,1,1,0,8,36,-0.16,0.03,4,11,6,28,46,-0.31,0.04,4,16,2,40,56,-0.58,0.05,3,13,2,51,29,0.16,0.03,0,7,1,26,45,0.18,0.04,8,21,7,40,17,0.31,0.01,0,1,0,15,18,-0.51,0.02,5,3,0,17,44,-0.23,0.04,5,16,5,39,137,-0.24,0.12,13,57,18,113
PER,2021-12-03,Perú,81,0.62,0.06,7,25,7,78,97,-0.23,0.08,18,21,3,75,154,6.33,0.12,18,59,10,140,78,-0.22,0.06,6,17,1,48,48,0.17,0.04,4,11,6,36,130,-0.27,0.1,23,40,9,115,131,0.1,0.1,16,36,8,102,59,-0.14,0.05,6,18,4,48,3,-0.7,0,0,0,0,3,39,0.08,0.03,12,10,2,29,78,0.7,0.06,13,25,8,69,62,0.11,0.05,2,10,2,57,29,0,0.02,3,8,2,26,47,0.04,0.04,2,24,5,39,9,-0.47,0.01,1,5,3,8,37,1.06,0.03,5,7,1,33,33,-0.25,0.03,4,11,4,29,169,0.23,0.13,17,77,18,147
PER,2021-12-04,Perú,32,-0.6,0.04,1,12,3,26,93,-0.04,0.1,12,36,3,71,78,-0.49,0.09,9,35,15,63,68,-0.13,0.08,5,17,8,58,19,-0.6,0.02,1,7,1,19,134,0.03,0.15,19,40,7,123,69,-0.47,0.08,5,32,4,57,34,-0.42,0.04,6,13,2,32,7,1.33,0.01,0,3,0,6,32,-0.18,0.04,9,16,4,26,68,-0.13,0.08,6,31,7,65,25,-0.6,0.03,1,6,1,20,25,-0.14,0.03,1,16,0,20,33,-0.3,0.04,4,11,6,27,6,-0.33,0.01,1,1,0,5,48,0.3,0.05,3,10,4,45,31,-0.06,0.03,4,8,6,28,89,-0.47,0.1,15,44,11,76
DOM,2021-12-01,República Dominicana,27,0,0.01,3,11,1,22,187,0,0.08,8,68,13,130,14,0,0.01,0,5,0,12,47,0,0.02,2,20,2,37,61,0,0.03,4,25,8,45,588,0,0.25,77,202,44,470,191,0,0.08,19,72,14,151,117,0,0.05,11,49,12,99,20,0,0.01,1,2,0,13,177,0,0.07,23,50,6,117,205,0,0.09,14,115,11,173,132,0,0.06,9,15,2,122,44,0,0.02,1,17,3,41,67,0,0.03,10,26,5,55,65,0,0.03,9,33,13,55,112,0,0.05,3,80,4,110,69,0,0.03,11,29,2,62,238,0,0.1,25,105,10,207
DOM,2021-12-02,República Dominicana,32,0.19,0.02,7,7,1,26,167,-0.11,0.08,16,37,7,127,31,1.21,0.01,8,8,2,22,96,1.04,0.05,7,15,1,71,67,0.1,0.03,3,21,8,49,500,-0.15,0.24,73,193,56,419,142,-0.26,0.07,13,58,11,106,70,-0.4,0.03,4,32,3,59,15,-0.25,0.01,2,4,0,5,126,-0.29,0.06,11,46,6,95,194,-0.05,0.09,11,66,9,166,115,-0.13,0.06,5,18,1,103,24,-0.45,0.01,2,13,1,20,64,-0.04,0.03,6,30,5,54,93,0.43,0.04,19,42,9,79,37,-0.67,0.02,3,18,3,31,107,0.55,0.05,8,43,1,96,208,-0.13,0.1,24,94,10,182
DOM,2021-12-03,República Dominicana,32,0,0.02,2,14,1,29,145,-0.13,0.07,11,38,7,95,18,-0.42,0.01,1,5,1,15,107,0.11,0.05,6,16,1,76,57,-0.15,0.03,1,22,2,50,477,-0.05,0.23,60,198,43,375,178,0.25,0.08,16,64,11,122,117,0.67,0.06,17,45,6,88,32,1.13,0.02,0,9,0,11,89,-0.29,0.04,12,26,1,72,165,-0.15,0.08,13,54,11,145,96,-0.17,0.05,11,18,1,79,35,0.46,0.02,4,14,0,31,59,-0.08,0.03,9,22,6,51,51,-0.45,0.02,9,21,7,38,43,0.16,0.02,5,16,8,38,162,0.51,0.08,8,38,9,133,247,0.19,0.12,26,107,18,205
DOM,2021-12-04,República Dominicana,169,4.28,0.08,33,53,0,150,67,-0.54,0.03,11,33,5,56,30,0.67,0.02,3,11,0,25,115,0.07,0.06,26,30,2,107,87,0.53,0.04,10,30,2,75,321,-0.33,0.16,38,161,39,265,175,-0.02,0.09,30,66,5,151,75,-0.36,0.04,5,28,4,68,26,-0.19,0.01,1,12,0,15,118,0.33,0.06,19,41,1,55,101,-0.39,0.05,11,36,7,86,84,-0.12,0.04,4,14,1,74,16,-0.54,0.01,2,4,1,13,69,0.17,0.03,14,23,5,62,43,-0.16,0.02,4,18,5,37,23,-0.47,0.01,4,8,3,22,156,-0.04,0.08,33,52,6,152,323,0.31,0.16,60,130,10,297
SUR,2021-12-01,Surinam,0,0,0,0,0,0,0,0,0,0,0,0,0,0,1,0,0.08,0,0,0,1,0,0,0,0,0,0,0,1,0,0.08,0,1,0,1,4,0,0.31,0,1,0,3,0,0,0,0,0,0,0,0,0,0,0,0,0,0,0,0,0,0,0,0,0,0,0,0,0,0,0,0,0,0,0,0,0,0,0,1,0,0.08,0,1,1,1,0,0,0,0,0,0,0,1,0,0.08,0,0,0,0,0,0,0,0,0,0,0,0,0,0,0,0,0,0,2,0,0.15,0,2,0,2,3,0,0.23,0,3,0,3
SUR,2021-12-02,Surinam,0,100,0,0,0,0,0,0,100,0,0,0,0,0,1,0,0.2,0,0,0,0,0,100,0,0,0,0,0,0,-1,0,0,0,0,0,1,-0.75,0.2,0,0,0,1,0,100,0,0,0,0,0,0,100,0,0,0,0,0,0,100,0,0,0,0,0,0,100,0,0,0,0,0,0,100,0,0,0,0,0,1,0,0.2,0,1,0,1,0,100,0,0,0,0,0,1,0,0.2,0,1,0,1,0,100,0,0,0,0,0,0,100,0,0,0,0,0,0,-1,0,0,0,0,0,1,-0.67,0.2,0,1,0,1
SUR,2021-12-03,Surinam,0,100,0,0,0,0,0,1,100,0.08,0,0,0,1,0,-1,0,0,0,0,0,0,100,0,0,0,0,0,0,100,0,0,0,0,0,4,3,0.31,0,2,1,2,2,100,0.15,0,0,0,1,0,100,0,0,0,0,0,0,100,0,0,0,0,0,0,100,0,0,0,0,0,0,100,0,0,0,0,0,1,0,0.08,0,0,0,1,0,100,0,0,0,0,0,2,1,0.15,0,0,0,2,1,100,0.08,0,0,0,1,0,100,0,0,0,0,0,0,100,0,0,0,0,0,2,1,0.15,0,0,0,1
SUR,2021-12-04,Surinam,1,100,0.09,0,0,0,1,0,-1,0,0,0,0,0,0,100,0,0,0,0,0,0,100,0,0,0,0,0,0,100,0,0,0,0,0,5,0.25,0.45,0,3,0,2,2,0,0.18,0,1,0,1,1,100,0.09,0,0,0,1,0,100,0,0,0,0,0,0,100,0,0,0,0,0,0,100,0,0,0,0,0,0,-1,0,0,0,0,0,0,100,0,0,0,0,0,1,-0.5,0.09,0,0,0,1,0,-1,0,0,0,0,0,0,100,0,0,0,0,0,0,100,0,0,0,0,0,1,-0.5,0.09,0,1,1,1
TTO,2021-12-01,Trinidad y Tobago,10,0,0.01,3,0,0,4,26,0,0.04,3,10,2,23,16,0,0.02,2,7,1,14,9,0,0.01,0,2,0,7,14,0,0.02,2,4,1,10,443,0,0.6,112,124,52,311,33,0,0.04,7,6,2,20,10,0,0.01,2,2,1,6,1,0,0,0,1,0,1,16,0,0.02,2,2,0,12,52,0,0.07,9,23,5,42,24,0,0.03,5,9,2,13,10,0,0.01,1,1,1,6,16,0,0.02,4,4,3,9,5,0,0.01,0,2,2,4,3,0,0,1,1,0,3,38,0,0.05,11,3,6,19,15,0,0.02,1,5,2,10
TTO,2021-12-02,Trinidad y Tobago,3,-0.7,0,0,1,0,3,25,-0.04,0.04,7,6,2,13,25,0.56,0.04,7,9,7,21,4,-0.56,0.01,1,2,1,4,12,-0.14,0.02,2,1,1,7,379,-0.14,0.59,110,103,48,258,33,0,0.05,5,6,3,24,13,0.3,0.02,3,0,2,7,2,1,0,0,0,0,1,13,-0.19,0.02,4,3,2,8,33,-0.37,0.05,3,11,1,29,16,-0.33,0.03,7,7,3,12,8,-0.2,0.01,2,1,0,5,22,0.38,0.03,5,7,6,18,1,-0.8,0,0,0,0,1,1,-0.67,0,0,0,0,1,37,-0.03,0.06,4,4,4,21,13,-0.13,0.02,3,3,2,9
TTO,2021-12-03,Trinidad y Tobago,4,0.33,0.01,2,0,0,3,24,-0.04,0.03,7,4,2,14,28,0.12,0.04,7,10,2,21,5,0.25,0.01,1,0,0,5,8,-0.33,0.01,2,0,1,7,484,0.28,0.62,164,124,59,345,40,0.21,0.05,9,9,4,18,14,0.08,0.02,1,3,2,12,0,-1,0,0,0,0,0,21,0.62,0.03,4,5,0,14,48,0.45,0.06,2,20,1,44,25,0.56,0.03,5,6,2,16,6,-0.25,0.01,1,2,0,5,14,-0.36,0.02,1,3,1,8,4,3,0.01,1,3,2,4,4,3,0.01,0,2,0,4,39,0.05,0.05,3,6,5,31,18,0.38,0.02,5,1,2,11
TTO,2021-12-04,Trinidad y Tobago,1,-0.75,0,0,1,0,1,15,-0.37,0.03,6,5,0,10,9,-0.68,0.02,2,6,0,8,5,0,0.01,2,0,0,4,5,-0.37,0.01,0,1,1,3,280,-0.42,0.61,86,92,42,184,11,-0.72,0.02,2,3,0,6,9,-0.36,0.02,0,2,1,6,1,100,0,1,0,0,1,9,-0.57,0.02,3,2,0,7,37,-0.23,0.08,6,11,2,35,19,-0.24,0.04,7,7,4,14,2,-0.67,0,0,2,0,1,26,0.86,0.06,3,7,7,15,3,-0.25,0.01,0,1,0,1,3,-0.25,0.01,2,0,1,2,16,-0.59,0.03,3,6,3,11,7,-0.61,0.02,3,2,1,5
URY,2021-12-01,Uruguay,36,0,0.02,4,4,2,28,408,0,0.17,76,147,39,320,12,0,0.01,3,2,0,12,79,0,0.03,8,19,5,44,96,0,0.04,6,28,6,89,416,0,0.18,65,128,32,354,223,0,0.09,35,64,15,176,67,0,0.03,11,14,5,57,26,0,0.01,4,5,2,21,113,0,0.05,18,50,11,90,137,0,0.06,19,50,10,121,88,0,0.04,12,23,4,70,47,0,0.02,9,16,7,39,96,0,0.04,15,43,13,74,32,0,0.01,6,8,2,25,76,0,0.03,13,17,8,65,164,0,0.07,32,82,36,139,233,0,0.1,56,93,25,196
URY,2021-12-02,Uruguay,47,0.31,0.02,2,8,3,36,353,-0.13,0.16,60,119,33,274,19,0.58,0.01,5,8,0,16,59,-0.25,0.03,9,15,2,44,97,0.01,0.04,10,20,9,91,360,-0.13,0.16,50,108,25,310,251,0.13,0.11,33,74,16,173,87,0.3,0.04,21,20,5,66,34,0.31,0.02,3,3,2,29,130,0.15,0.06,21,56,13,111,149,0.09,0.07,25,51,18,131,94,0.07,0.04,15,23,7,74,51,0.09,0.02,3,16,1,41,78,-0.19,0.03,12,36,13,60,27,-0.16,0.01,4,7,4,21,73,-0.04,0.03,20,18,4,62,99,-0.4,0.04,15,40,11,91,224,-0.04,0.1,43,102,15,194
URY,2021-12-03,Uruguay,69,0.47,0.03,5,14,4,59,508,0.44,0.23,121,137,45,390,10,-0.47,0,0,3,1,8,78,0.32,0.03,8,10,2,56,73,-0.25,0.03,3,27,4,65,276,-0.23,0.12,43,85,31,234,262,0.04,0.12,45,89,19,193,92,0.06,0.04,17,31,11,71,15,-0.56,0.01,1,2,3,14,103,-0.21,0.05,25,32,8,84,151,0.01,0.07,22,51,17,125,74,-0.21,0.03,10,29,4,66,39,-0.24,0.02,13,7,4,30,93,0.19,0.04,17,38,16,79,30,0.11,0.01,4,7,2,25,54,-0.26,0.02,14,21,7,45,86,-0.13,0.04,10,33,12,74,228,0.02,0.1,38,104,32,202
URY,2021-12-04,Uruguay,37,-0.46,0.03,2,10,0,29,241,-0.53,0.19,50,87,19,183,13,0.3,0.01,2,7,1,10,33,-0.58,0.03,4,9,1,23,37,-0.49,0.03,1,19,5,35,223,-0.19,0.17,51,81,18,194,101,-0.61,0.08,19,52,12,79,45,-0.51,0.03,9,16,3,39,18,0.2,0.01,3,4,1,11,76,-0.26,0.06,18,24,7,66,77,-0.49,0.06,16,34,10,74,50,-0.32,0.04,9,11,4,42,32,-0.18,0.02,4,18,5,26,63,-0.32,0.05,15,29,9,48,18,-0.4,0.01,1,6,0,14,42,-0.22,0.03,9,18,8,34,55,-0.36,0.04,10,24,9,49,136,-0.4,0.1,31,66,15,115
VEN,2021-12-01,Venezuela,108,0,0.02,6,27,6,88,550,0,0.08,49,79,13,418,86,0,0.01,5,21,5,71,179,0,0.03,18,33,6,118,235,0,0.03,17,46,21,194,1396,0,0.2,131,258,77,1205,649,0,0.09,42,129,25,527,260,0,0.04,31,69,12,209,47,0,0.01,3,7,2,33,407,0,0.06,42,83,20,342,466,0,0.07,33,94,21,427,337,0,0.05,16,53,8,293,211,0,0.03,20,45,12,194,263,0,0.04,30,85,26,227,255,0,0.04,17,59,5,233,282,0,0.04,49,64,9,233,502,0,0.07,32,113,13,464,775,0,0.11,113,209,45,704
VEN,2021-12-02,Venezuela,101,-0.06,0.01,6,27,2,81,626,0.14,0.09,54,120,23,513,68,-0.21,0.01,3,10,3,51,162,-0.09,0.02,17,27,8,112,236,0,0.03,18,43,17,184,1277,-0.09,0.18,145,247,68,1121,484,-0.25,0.07,44,126,33,356,281,0.08,0.04,27,75,11,227,61,0.3,0.01,6,9,2,39,493,0.21,0.07,35,102,19,422,569,0.22,0.08,55,132,28,526,296,-0.12,0.04,23,71,9,271,307,0.45,0.04,25,80,13,279,287,0.09,0.04,27,105,32,241,247,-0.03,0.03,14,39,10,229,295,0.05,0.04,40,74,17,253,580,0.16,0.08,27,90,15,533,747,-0.04,0.1,85,233,43,653
VEN,2021-12-03,Venezuela,136,0.35,0.02,14,26,6,112,604,-0.04,0.07,63,116,20,482,96,0.41,0.01,3,27,4,80,239,0.48,0.03,27,41,8,179,265,0.12,0.03,14,72,15,220,2343,0.83,0.27,179,346,47,2077,492,0.02,0.06,56,141,25,369,331,0.18,0.04,33,63,14,256,45,-0.26,0.01,3,11,1,30,489,-0.01,0.06,31,98,31,425,878,0.54,0.1,52,126,38,830,293,-0.01,0.03,19,71,5,270,400,0.3,0.05,29,90,15,381,252,-0.12,0.03,30,76,24,221,403,0.63,0.05,23,77,19,358,249,-0.16,0.03,34,63,13,218,389,-0.33,0.04,16,94,15,347,778,0.04,0.09,79,200,33,685
VEN,2021-12-04,Venezuela,92,-0.32,0.02,3,27,2,79,411,-0.32,0.07,38,101,16,305,95,-0.01,0.02,8,21,8,79,121,-0.49,0.02,9,28,7,92,211,-0.2,0.04,19,73,20,171,950,-0.59,0.17,110,227,57,819,355,-0.28,0.06,40,92,23,264,215,-0.35,0.04,24,67,7,170,40,-0.11,0.01,6,5,3,30,437,-0.11,0.08,23,93,21,393,409,-0.53,0.07,45,111,26,362,226,-0.23,0.04,17,48,0,213,201,-0.5,0.04,23,48,6,192,235,-0.07,0.04,24,76,19,204,243,-0.4,0.04,21,52,22,215,216,-0.13,0.04,35,62,9,189,440,0.13,0.08,31,89,17,413,616,-0.21,0.11,75,197,33,543
